<?xml version="1.0" encoding="UTF-8" ?>
<XMLDB PATH="local/alx_report_api/db" VERSION="20240628" COMMENT="XMLDB file for Moodle local/alx_report_api">
  <TABLES>
    <TABLE NAME="local_alx_api_reporting" COMMENT="Reporting data table">
      <FIELDS>
        <FIELD NAME="id" TYPE="int" LENGTH="10" NOTNULL="true" SEQUENCE="true"/>
        <FIELD NAME="userid" TYPE="int" LENGTH="10" NOTNULL="true"/>
        <FIELD NAME="courseid" TYPE="int" LENGTH="10" NOTNULL="true"/>
        <FIELD NAME="companyid" TYPE="int" LENGTH="10" NOTNULL="true"/>
        <FIELD NAME="company_shortname" TYPE="char" LENGTH="100" NOTNULL="false"/>
        <FIELD NAME="firstname" TYPE="char" LENGTH="100" NOTNULL="false"/>
        <FIELD NAME="lastname" TYPE="char" LENGTH="100" NOTNULL="false"/>
        <FIELD NAME="email" TYPE="char" LENGTH="100" NOTNULL="false"/>
        <FIELD NAME="coursename" TYPE="char" LENGTH="255" NOTNULL="false"/>
        <FIELD NAME="percentage" TYPE="number" LENGTH="5" NOTNULL="true" DEFAULT="0" DECIMALS="2"/>
        <FIELD NAME="status" TYPE="char" LENGTH="20" NOTNULL="true" DEFAULT="not_started"/>
        <FIELD NAME="timecompleted" TYPE="int" LENGTH="10" NOTNULL="false"/>
        <FIELD NAME="timestarted" TYPE="int" LENGTH="10" NOTNULL="false"/>
        <FIELD NAME="last_updated" TYPE="int" LENGTH="10" NOTNULL="true"/>
        <FIELD NAME="is_deleted" TYPE="int" LENGTH="1" NOTNULL="true" DEFAULT="0"/>
        <FIELD NAME="created_at" TYPE="int" LENGTH="10" NOTNULL="true"/>
        <FIELD NAME="updated_at" TYPE="int" LENGTH="10" NOTNULL="true"/>
      </FIELDS>
      <KEYS>
        <KEY NAME="primary" TYPE="primary" FIELDS="id"/>
        <KEY NAME="user_course_unique" TYPE="unique" FIELDS="userid,courseid"/>
      </KEYS>
      <INDEXES>
        <INDEX NAME="userid_idx" UNIQUE="false" FIELDS="userid"/>
        <INDEX NAME="courseid_idx" UNIQUE="false" FIELDS="courseid"/>
        <INDEX NAME="companyid_idx" UNIQUE="false" FIELDS="companyid"/>
        <INDEX NAME="status_idx" UNIQUE="false" FIELDS="status"/>
        <INDEX NAME="is_deleted_idx" UNIQUE="false" FIELDS="is_deleted"/>
      </INDEXES>
    </TABLE>
    <TABLE NAME="local_alx_api_tokens" COMMENT="API tokens for ALX Report API">
      <FIELDS>
        <FIELD NAME="id" TYPE="int" LENGTH="10" NOTNULL="true" SEQUENCE="true"/>
        <FIELD NAME="token" TYPE="char" LENGTH="255" NOTNULL="true"/>
        <FIELD NAME="companyid" TYPE="int" LENGTH="10" NOTNULL="true"/>
        <FIELD NAME="company_shortname" TYPE="char" LENGTH="100" NOTNULL="false"/>
        <FIELD NAME="created" TYPE="int" LENGTH="10" NOTNULL="true"/>
        <FIELD NAME="expires" TYPE="int" LENGTH="10" NOTNULL="false"/>
        <FIELD NAME="last_used" TYPE="int" LENGTH="10" NOTNULL="false"/>
        <FIELD NAME="is_active" TYPE="int" LENGTH="1" NOTNULL="true" DEFAULT="1"/>
      </FIELDS>
      <KEYS>
        <KEY NAME="primary" TYPE="primary" FIELDS="id"/>
        <KEY NAME="token_unique" TYPE="unique" FIELDS="token"/>
      </KEYS>
      <INDEXES>
        <INDEX NAME="companyid_idx" UNIQUE="false" FIELDS="companyid"/>
      </INDEXES>
    </TABLE>
    <TABLE NAME="local_alx_api_cache" COMMENT="Cache table for API responses">
      <FIELDS>
        <FIELD NAME="id" TYPE="int" LENGTH="10" NOTNULL="true" SEQUENCE="true"/>
        <FIELD NAME="cache_key" TYPE="char" LENGTH="255" NOTNULL="true"/>
        <FIELD NAME="companyid" TYPE="int" LENGTH="10" NOTNULL="true"/>
        <FIELD NAME="cache_data" TYPE="text" NOTNULL="true"/>
        <FIELD NAME="cache_timestamp" TYPE="int" LENGTH="10" NOTNULL="true"/>
        <FIELD NAME="expires_at" TYPE="int" LENGTH="10" NOTNULL="true"/>
        <FIELD NAME="hit_count" TYPE="int" LENGTH="10" NOTNULL="false"/>
        <FIELD NAME="last_accessed" TYPE="int" LENGTH="10" NOTNULL="false"/>
      </FIELDS>
      <KEYS>
        <KEY NAME="primary" TYPE="primary" FIELDS="id"/>
        <KEY NAME="cache_key_unique" TYPE="unique" FIELDS="cache_key"/>
      </KEYS>
      <INDEXES>
        <INDEX NAME="companyid_idx" UNIQUE="false" FIELDS="companyid"/>
        <INDEX NAME="expires_at_idx" UNIQUE="false" FIELDS="expires_at"/>
      </INDEXES>
    </TABLE>
    <TABLE NAME="local_alx_api_logs" COMMENT="API access logs">
      <FIELDS>
        <FIELD NAME="id" TYPE="int" LENGTH="10" NOTNULL="true" SEQUENCE="true"/>
        <FIELD NAME="token" TYPE="char" LENGTH="255" NOTNULL="true"/>
        <FIELD NAME="companyid" TYPE="int" LENGTH="10" NOTNULL="true"/>
        <FIELD NAME="endpoint" TYPE="char" LENGTH="255" NOTNULL="true"/>
        <FIELD NAME="method" TYPE="char" LENGTH="10" NOTNULL="true"/>
        <FIELD NAME="ip_address" TYPE="char" LENGTH="45" NOTNULL="true"/>
        <FIELD NAME="user_agent" TYPE="text" NOTNULL="false"/>
        <FIELD NAME="response_time" TYPE="number" LENGTH="10" DECIMALS="3" NOTNULL="false"/>
        <FIELD NAME="status_code" TYPE="int" LENGTH="3" NOTNULL="true"/>
        <FIELD NAME="timestamp" TYPE="int" LENGTH="10" NOTNULL="true"/>
      </FIELDS>
      <KEYS>
        <KEY NAME="primary" TYPE="primary" FIELDS="id"/>
      </KEYS>
      <INDEXES>
        <INDEX NAME="token_idx" UNIQUE="false" FIELDS="token"/>
        <INDEX NAME="companyid_idx" UNIQUE="false" FIELDS="companyid"/>
        <INDEX NAME="timestamp_idx" UNIQUE="false" FIELDS="timestamp"/>
      </INDEXES>
    </TABLE>
    <TABLE NAME="local_alx_api_settings" COMMENT="Company-specific settings">
      <FIELDS>
        <FIELD NAME="id" TYPE="int" LENGTH="10" NOTNULL="true" SEQUENCE="true"/>
        <FIELD NAME="companyid" TYPE="int" LENGTH="10" NOTNULL="true"/>
        <FIELD NAME="setting_name" TYPE="char" LENGTH="100" NOTNULL="true"/>
        <FIELD NAME="setting_value" TYPE="text" NOTNULL="true"/>
        <FIELD NAME="timecreated" TYPE="int" LENGTH="10" NOTNULL="true"/>
        <FIELD NAME="timemodified" TYPE="int" LENGTH="10" NOTNULL="true"/>
      </FIELDS>
      <KEYS>
        <KEY NAME="primary" TYPE="primary" FIELDS="id"/>
        <KEY NAME="companyid_setting_unique" TYPE="unique" FIELDS="companyid,setting_name"/>
      </KEYS>
      <INDEXES>
        <INDEX NAME="companyid_idx" UNIQUE="false" FIELDS="companyid"/>
      </INDEXES>
    </TABLE>
    <TABLE NAME="local_alx_api_sync_status" COMMENT="Sync status tracking">
      <FIELDS>
        <FIELD NAME="id" TYPE="int" LENGTH="10" NOTNULL="true" SEQUENCE="true"/>
        <FIELD NAME="companyid" TYPE="int" LENGTH="10" NOTNULL="true"/>
        <FIELD NAME="token_hash" TYPE="char" LENGTH="64" NOTNULL="true"/>
        <FIELD NAME="last_sync_timestamp" TYPE="int" LENGTH="10" NOTNULL="true"/>
        <FIELD NAME="sync_mode" TYPE="char" LENGTH="20" NOTNULL="true"/>
        <FIELD NAME="sync_window_hours" TYPE="int" LENGTH="5" NOTNULL="true"/>
        <FIELD NAME="last_sync_records" TYPE="int" LENGTH="10" NOTNULL="true"/>
        <FIELD NAME="last_sync_status" TYPE="char" LENGTH="20" NOTNULL="true"/>
        <FIELD NAME="last_sync_error" TYPE="text" NOTNULL="false"/>
        <FIELD NAME="total_syncs" TYPE="int" LENGTH="10" NOTNULL="true"/>
        <FIELD NAME="created_at" TYPE="int" LENGTH="10" NOTNULL="true"/>
        <FIELD NAME="updated_at" TYPE="int" LENGTH="10" NOTNULL="true"/>
      </FIELDS>
      <KEYS>
        <KEY NAME="primary" TYPE="primary" FIELDS="id"/>
        <KEY NAME="companyid_token_unique" TYPE="unique" FIELDS="companyid,token_hash"/>
      </KEYS>
      <INDEXES>
        <INDEX NAME="companyid_idx" UNIQUE="false" FIELDS="companyid"/>
        <INDEX NAME="token_hash_idx" UNIQUE="false" FIELDS="token_hash"/>
      </INDEXES>
    </TABLE>
  </TABLES>
</XMLDB> 